id,type,text1,text2,text3,text4,notes
RRsequence_sequence,SHIP,"A horrible fighter designed to be the equivalent of a high-tech bomber in midline terms. Potent durability allows it to exist in dangerous waters for visibly long periods of time, and a microforge designed for producing Blueberries allows it to scrap various vulnerable targets. Armed with a pair of Vulcan cannons it can also exterminate enemies via more conventional means.

Sequence began its life as a civilian craft developed for years to traverse dangerous weather and high-gravity environments of gas giants and super-Earths. When it was finally tuned to perfection, certain weapon designers noticed its potential as a dangerous fighter spacecraft. However the massive theoretical weight of the ship kept it from blooming into something ominous. Until some liberal applications of artificial intelligence technologies this ship was impossible, now it strides the battlefield in search of human beings to send to the afterlife.",,,,
RRsequence_harpoon,WEAPON,The missile launcher hosts a colony of cybernetic bacteria that manufacture chemical elements necessary for the missile's explosive power. Whilst fuel is kept in less volatile and smaller in terms of volume form by being basic elements of cybernetic fungi. The missile's electronics are integrated into organic mass and then enveloped in a rapidly hardening shell allowing for rapid manufacturing of visibly harmful projectiles.,,,,
